{
  "question": "game",
  "type": "confidence",
  "afc": [
    {
      "value": 0.9726775956284153,
      "time": [
        2013,
        12,
        9,
        null,
        null,
        null
      ]
    }
  ],
  "nfc": [
    {
      "value": 0.8446866485013624,
      "time": [
        2013,
        12,
        9,
        null,
        null,
        null
      ]
    }
  ]
}