{"question":"game","type":"confidence","afc":[{"value":0.9112907905380636,"time":[2013,11,1,20,null,null]}],
"nfc":[{"value":0.8618677042801557,"time":[2013,11,1,20,null,null]}]}