{"question":"game","type":"confidence","afc":[{"value":0.7052265865168594,"time":[2013,11,1,null,null,null]}],"nfc":[{"value":0.7384344255792816,"time":[2013,11,1,null,null,null]}]}